Agent_name,Agent_case_count,Agent_csat_score
Aaron Edwards,82,4.378048780487805
Aaron Romero,52,3.826923076923077
Abigail Gonzalez,22,3.9545454545454546
Adam Barnett,51,4.294117647058823
Adam Hammond,48,4.770833333333333
Adam Henderson,35,3.8
Adam Hernandez,63,4.714285714285714
Adam Schwartz,68,4.029411764705882
Adam Torres,76,4.5394736842105265
Adrian Branch,37,3.8378378378378377
Adrian Johnson,20,4.3
Adrian Richards,31,4.290322580645161
Adriana Adams,99,4.363636363636363
Alan Cruz,25,4.68
Alan Davies,22,4.681818181818182
Alan Sweeney,43,3.744186046511628
Albert Thornton,57,4.421052631578948
Alexa Mcpherson,58,3.896551724137931
Alexander Marshall,75,4.28
Alexander Mata,55,4.763636363636364
Alexander Saunders,95,4.7894736842105265
Alexandra Barron,25,3.72
Alexandra Davis,43,4.27906976744186
Alexandra Harris,23,3.4782608695652173
Alexandra Reynolds,31,3.193548387096774
Alexis Campbell,50,4.52
Alexis Murray,19,4.2631578947368425
Alexis Parrish DVM,28,4.535714285714286
Alicia Burton,26,4.346153846153846
Alicia Payne,19,3.6315789473684212
Alicia Schultz,21,3.7142857142857144
Alisha Campos,83,4.373493975903615
Alisha Goodwin,18,3.8333333333333335
Allen Bowers,109,4.504587155963303
Allison Huang,20,4.25
Allison Mccall,33,4.424242424242424
Allison Wheeler,49,4.714285714285714
Alyssa Ford,43,4.372093023255814
Alyssa Jones,24,2.5833333333333335
Alyssa Mcpherson,52,4.634615384615385
Amanda Benjamin,50,4.7
Amanda Brown,65,4.446153846153846
Amanda Cook,25,2.8
Amanda Hughes,42,4.023809523809524
Amanda Martinez,88,4.6477272727272725
Amanda Miller,46,3.869565217391304
Amanda Morse,54,4.518518518518518
Amanda Proctor,43,4.674418604651163
Amanda Rodriguez,61,4.016393442622951
Amanda Sloan,69,4.507246376811594
Amber Brown,20,2.75
Amy Bell,18,4.0
Amy Berry,118,4.661016949152542
Amy Burke,74,4.283783783783784
Amy Calderon,27,3.8518518518518516
Amy Campbell,50,4.46
Amy Flores,65,4.0
Amy Gonzalez,57,4.280701754385965
Amy Mendez,47,3.74468085106383
Amy Vazquez,52,4.461538461538462
Amy Watson,40,4.525
Andre Adams,79,4.506329113924051
Andre Hunter,52,4.115384615384615
Andrea Beck,59,4.016949152542373
Andrea Conley,102,3.8627450980392157
Andrea Hart,51,4.7254901960784315
Andrea Oconnor,28,4.0
Andrea Peterson,40,3.7
Andrea Rasmussen,25,3.96
Andrea Suarez,60,4.283333333333333
Andrea Wilkerson,67,4.1940298507462686
Andrew Aguilar,22,4.2272727272727275
Andrew Barrett,42,4.476190476190476
Andrew Davis,82,4.073170731707317
Angela Booker MD,19,4.526315789473684
Angela Brown,18,3.7222222222222223
Angela Carlson,68,4.205882352941177
Angela Harris,29,4.620689655172414
Angela Reid,81,4.234567901234568
Angelica Williams,42,4.166666666666667
Angie Jackson,31,4.161290322580645
Anita Harris,111,4.396396396396397
Anita Roberts,61,4.081967213114754
Ann English,118,4.0
Anna Brown,72,4.111111111111111
Anna Lawrence,24,3.875
Anna Miller,81,4.382716049382716
Anna Thompson,35,4.371428571428571
Anthony Booth,164,4.664634146341464
Anthony Bowen,24,3.1666666666666665
Anthony Clark,80,3.9625
Anthony Cook,59,3.8983050847457625
Anthony Diaz,102,4.647058823529412
Anthony Hancock,102,3.9901960784313726
Anthony Hayes,42,4.0
Anthony Jackson,21,4.619047619047619
Anthony Kerr,52,3.6153846153846154
Anthony Moss,41,4.365853658536586
Anthony Reeves,95,4.063157894736842
Anthony Rocha,45,4.4222222222222225
Anthony Salinas,48,4.6875
Anthony Shaffer,54,4.518518518518518
Anthony Sims,33,4.848484848484849
Anthony Smith,73,3.863013698630137
Anthony Taylor,61,4.311475409836065
Antonio Wilson,23,3.5217391304347827
April Hall,37,3.324324324324324
Ariana Chavez,61,4.229508196721311
Ariana Young,44,4.068181818181818
Ashlee Johnson,25,4.52
Ashley Dunlap,59,4.559322033898305
Ashley Edwards,64,4.578125
Ashley Espinoza,60,4.25
Ashley Ferguson,25,4.04
Ashley Hamilton,43,4.488372093023256
Ashley Lawson,24,4.458333333333333
Ashley Robinson,38,3.6842105263157894
Ashley Rush,73,3.7945205479452055
Ashley Ward,49,4.285714285714286
Ashley Yu,54,4.444444444444445
Austin Gregory,39,4.0
Austin Robinson,31,3.935483870967742
Belinda Fuentes,33,3.878787878787879
Belinda Landry,63,3.873015873015873
Benjamin Gomez,32,4.71875
Benjamin Lewis,30,3.6666666666666665
Benjamin Taylor,69,4.0
Bethany Lee,54,4.814814814814815
Betty Harris,66,4.196969696969697
Betty Schmidt,75,4.346666666666667
Blake Davis,56,4.0
Bob Keith,22,4.863636363636363
Bobby Higgins,77,4.116883116883117
Bobby Rodriguez,50,4.34
Bonnie Durham,56,4.0
Bonnie Jimenez,45,4.5777777777777775
Bradley Johnson,25,3.8
Bradley Lyons,19,4.157894736842105
Bradley Nelson,37,3.945945945945946
Brandon Escobar,27,4.2592592592592595
Brandon Frost,137,4.598540145985401
Brandon Goodwin,50,4.48
Brandon Leon,116,3.9655172413793105
Brandon Martin,91,4.670329670329671
Brandon Young,28,3.25
Brandy Baker,69,4.550724637681159
Brandy Foley,116,3.8620689655172415
Brandy Johnson,59,4.47457627118644
Brandy Odonnell,39,4.102564102564102
Brandy Shea,90,4.022222222222222
Brenda Cox,84,4.678571428571429
Brenda Gillespie,51,3.764705882352941
Brenda Suarez,55,4.327272727272727
Brendan Thomas,28,4.75
Brent Palmer,35,3.6285714285714286
Brett Smith,42,4.5476190476190474
Brian Barrera,62,4.112903225806452
Brian Hines,26,3.8461538461538463
Brian Koch,59,3.830508474576271
Brian Mcguire,76,4.7894736842105265
Brian Pugh,30,4.6
Brian Wall,90,4.066666666666666
Brian Williams,25,4.84
Brian Wilson PhD,85,4.341176470588235
Brian Young,134,4.708955223880597
Briana Patton,24,4.25
Brianna Brown PhD,115,4.3652173913043475
Brianna Orr,41,4.170731707317073
Brianna Wolf,155,4.683870967741935
Brittany Nunez,122,3.639344262295082
Brittany Thornton,13,4.076923076923077
Brittany Tran,80,4.3
Brittney Key,93,3.956989247311828
Bruce Banks,94,4.159574468085107
Bruce Martin,58,4.224137931034483
Bruce Smith,82,3.902439024390244
Caitlin Johnson,47,3.8297872340425534
Caleb Allen,63,4.253968253968254
Carl Douglas,50,3.9
Carla Anderson,33,4.090909090909091
Carla Burke,99,4.282828282828283
Carla Morgan,124,4.370967741935484
Carlos Curtis,50,4.52
Carmen Lyons,41,4.512195121951219
Carmen Snow,20,3.85
Carmen Young,27,3.6296296296296298
Carol Hansen,35,3.7142857142857144
Carol Reid,68,4.205882352941177
Carol Washington,102,4.009803921568627
Carolyn Goodman DVM,24,4.291666666666667
Carolyn Lewis,21,4.380952380952381
Carolyn Norman,92,4.456521739130435
Carolyn Reese,41,3.5609756097560976
Carolyn Roberts,28,4.571428571428571
Carolyn Sullivan,92,4.043478260869565
Casey Baldwin,23,4.695652173913044
Casey Holmes,66,4.2727272727272725
Casey Page,23,4.260869565217392
Catherine Baird,51,4.019607843137255
Catherine Cain,25,3.48
Catherine Gibson,18,3.5555555555555554
Catherine Watkins,45,4.288888888888889
Cathy Harris,124,4.112903225806452
Chad Burns,72,4.180555555555555
Chad Daniel,27,4.592592592592593
Chad Nielsen,51,3.9019607843137254
Chad Wells,73,3.9178082191780823
Charles Huff,51,4.03921568627451
Charles Moore,65,4.092307692307692
Charles Morales,29,2.1379310344827585
Charles Nelson,50,4.48
Charles Williamson,59,4.084745762711864
Charlotte Jacobs,56,4.0
Charlotte Thomas,40,4.725
Chelsea Crawford,20,3.65
Chelsea Johnson,32,4.53125
Chelsey Hodges,70,4.285714285714286
Cheryl Rice,86,4.476744186046512
Chloe Roberts,60,4.383333333333334
Chris Davenport,24,4.583333333333333
Chris White,19,3.8421052631578947
Christian Armstrong,56,4.5
Christina Bolton,50,4.14
Christina Chavez,78,4.217948717948718
Christina Hines MD,46,4.3478260869565215
Christina Lewis,62,4.564516129032258
Christina Lopez,16,4.4375
Christine Castro,25,2.68
Christine Fuller,18,4.111111111111111
Christine Gray,74,4.202702702702703
Christine Jackson,82,4.402439024390244
Christine Lewis,52,4.230769230769231
Christine Myers,59,4.338983050847458
Christopher Anderson,26,4.384615384615385
Christopher Brown,66,4.2272727272727275
Christopher Chan,39,4.538461538461538
Christopher Dean,38,4.078947368421052
Christopher Harris,24,4.083333333333333
Christopher Jones,93,4.290322580645161
Christopher Lang,23,3.652173913043478
Christopher Mcintosh,83,4.072289156626506
Christopher Meyers,23,4.3478260869565215
Christopher Moore Jr.,52,3.8076923076923075
Christopher Murphy,109,4.330275229357798
Christopher Obrien,74,4.45945945945946
Christopher Rice,78,4.3076923076923075
Christopher Roberson,20,4.0
Christopher Sanchez,105,4.0095238095238095
Christopher Schneider,49,4.163265306122449
Christopher Schultz,41,4.536585365853658
Christopher Smith,20,3.9
Cindy Kerr,70,4.128571428571429
Cindy Stewart,45,4.666666666666667
Claudia Jones,57,4.280701754385965
Claudia Massey,63,4.031746031746032
Cody Nielsen,27,3.1481481481481484
Cody Perez,89,3.966292134831461
Cody Peters,21,3.0952380952380953
Cole Carlson,62,4.129032258064516
Cole Moore,132,4.681818181818182
Colleen Hall,42,4.809523809523809
Colleen Morton,30,4.4
Colleen Savage,90,3.988888888888889
Connor Jackson,48,4.395833333333333
Corey Brown,27,4.37037037037037
Corey Gibson,72,4.319444444444445
Corey Hernandez,21,3.9047619047619047
Cory Collins,42,4.166666666666667
Courtney Richardson,61,3.9508196721311477
Courtney Wolf,55,4.490909090909091
Craig Fuller,20,4.6
Craig Gonzales,76,3.6973684210526314
Craig Hall,33,4.363636363636363
Craig Henderson,61,4.524590163934426
Craig Ruiz,26,4.153846153846154
Cristina Harris,68,3.985294117647059
Crystal Davis,19,4.421052631578948
Crystal Dunlap,77,4.337662337662338
Crystal Walsh,26,3.923076923076923
Curtis Diaz,46,4.065217391304348
Curtis Hill,20,2.75
Curtis Mccarthy,29,2.1379310344827585
Cynthia Mills,51,4.137254901960785
Cynthia Sheppard,90,4.5777777777777775
Dakota Collins,60,3.65
Dalton Oneal,48,3.9583333333333335
Dana Bridges,42,4.214285714285714
Dana Smith,46,4.0
Dana Taylor,73,4.1506849315068495
Daniel Ball,91,4.043956043956044
Daniel Dalton,62,4.548387096774194
Daniel Davis,67,4.537313432835821
Daniel Duncan,55,4.418181818181818
Daniel Henderson,42,3.357142857142857
Daniel Jones,28,4.107142857142857
Daniel Martin,45,4.022222222222222
Daniel Martinez,50,4.5
Daniel May,40,4.375
Daniel Murphy,91,4.516483516483516
Daniel Silva,48,4.791666666666667
Daniel Simon,29,4.206896551724138
Daniel Woods,100,4.35
Danielle Morris,50,4.34
Danielle Williams,21,4.190476190476191
Danny Li,42,3.5238095238095237
Darren Hoffman,56,4.625
Darren Watson,127,4.708661417322834
Daryl Martin,37,3.945945945945946
David Butler,55,4.454545454545454
David Byrd,49,4.142857142857143
David Clarke DDS,29,4.172413793103448
David Copeland,19,3.8421052631578947
David Garcia,9,4.444444444444445
David Guerra,45,4.266666666666667
David Harrell,36,4.305555555555555
David Martin,17,4.117647058823529
David Mayer,57,3.8421052631578947
David Meyers,77,4.48051948051948
David Meza MD,70,4.314285714285714
David Michael,29,4.448275862068965
David Parker,36,3.888888888888889
David Perez,125,4.496
David Reed,38,3.9473684210526314
David Rojas,30,3.8666666666666667
David Smith,223,4.569506726457399
David Steele,126,4.111111111111111
David Taylor,84,4.559523809523809
David Todd,45,4.5777777777777775
David Warren,31,4.354838709677419
David Weaver,62,4.645161290322581
David Williamson,50,4.1
Dawn Boyd,43,4.651162790697675
Dawn Brown,49,3.489795918367347
Dawn Copeland,55,3.963636363636364
Dawn Holloway,53,4.452830188679245
Dawn Porter,20,4.2
Dawn Whitaker,79,3.949367088607595
Deanna Wright,45,4.177777777777778
Debbie Gomez,72,3.9444444444444446
Debbie Johnson,54,4.314814814814815
Deborah Brown,25,4.56
Deborah Smith,48,4.208333333333333
Debra Brown,79,4.506329113924051
Debra Hanson,59,3.830508474576271
Denise Rodriguez,47,4.191489361702128
Dennis Campbell,23,4.0
Dennis Miller,46,4.065217391304348
Desiree Newton,41,4.097560975609756
Desiree Torres,53,4.132075471698113
Devon Daniel,88,3.8295454545454546
Diana Dudley,70,4.371428571428571
Diana Sanchez,71,4.464788732394366
Diana Solomon,20,4.65
Diana Terry,77,4.2727272727272725
Diana Thomas,19,4.421052631578948
Diana White,54,4.277777777777778
Dillon Miller,18,4.611111111111111
Dominique Roberts,55,3.6545454545454548
Donald Hunt,67,4.208955223880597
Donald Jordan,14,4.571428571428571
Donna Gilmore,73,4.2465753424657535
Donna Jenkins,59,3.8813559322033897
Donna Lee,75,4.0
Donna Miller,62,4.709677419354839
Douglas Pitts,24,4.333333333333333
Douglas Savage,91,4.021978021978022
Douglas Smith,86,4.406976744186046
Douglas Tucker,58,4.155172413793103
Dr. Andrew Bowers,56,4.232142857142857
Dr. Heather Lewis,125,4.816
Duane Norman,24,4.583333333333333
Dustin Deleon,46,4.369565217391305
Dylan Day,42,4.119047619047619
Dylan Mercer,57,4.350877192982456
Dylan Stevens,32,4.34375
Edward Dalton,28,3.642857142857143
Edward Hawkins,30,4.7
Edward Moreno,57,4.7368421052631575
Edward Perez,20,4.8
Edward Taylor,120,4.616666666666666
Edwin Wilson,75,4.693333333333333
Elijah Henderson,73,4.383561643835616
Elijah Hoffman,43,4.4186046511627906
Elizabeth Brown,18,4.5
Elizabeth Collins,46,3.4347826086956523
Elizabeth Garcia,91,4.3076923076923075
Elizabeth Guerra,89,4.438202247191011
Elizabeth Lara,63,3.9523809523809526
Elizabeth Lopez,26,4.615384615384615
Elizabeth Macias,65,4.630769230769231
Elizabeth Mills,81,4.45679012345679
Elizabeth Reid,23,3.5652173913043477
Elizabeth Rivera,104,4.240384615384615
Elizabeth Rose,20,2.95
Elizabeth Williams,44,4.363636363636363
Emily Hernandez,26,4.923076923076923
Emily Mckenzie,99,4.313131313131313
Emily Sharp,69,4.333333333333333
Emma Wyatt,59,3.9322033898305087
Eric Bowen,68,4.426470588235294
Eric Dunn MD,59,4.220338983050848
Eric Miller MD,28,4.428571428571429
Eric Nixon MD,46,4.173913043478261
Eric Smith,32,3.375
Eric Williams,22,3.727272727272727
Erica Harris,25,4.04
Erik Williams,104,4.240384615384615
Erika Black,63,4.174603174603175
Erika Nelson,31,4.612903225806452
Erin Fischer,79,4.506329113924051
Erin Kemp,29,4.068965517241379
Erin Le,25,4.04
Erin Meadows,38,3.8947368421052633
Erin Smith MD,83,4.0843373493975905
Ernest Harrington,51,4.215686274509804
Evan Ramsey,30,4.666666666666667
Evelyn Petersen,20,4.4
Evelyn Stevens,31,4.645161290322581
Frank Garza,23,4.217391304347826
Frank Kelley,42,4.0476190476190474
Franklin Bradley,35,4.257142857142857
Franklin Dixon,26,4.461538461538462
Fred Newman,74,4.0675675675675675
Frederick Cook,50,4.06
Gabriel Campos,46,4.673913043478261
Gabriel Hansen,71,4.577464788732394
Garrett Kim,48,4.604166666666667
Garrett Parker,93,4.580645161290323
George Gallagher,92,4.608695652173913
Gilbert Johns,38,3.289473684210526
Gina Henderson,63,3.8412698412698414
Gina Richards,48,3.7291666666666665
Glenda Powell,16,4.4375
Gloria Walker,65,4.615384615384615
Gordon Jones,62,4.419354838709677
Grace Martin,43,4.3023255813953485
Gregg Perez,49,3.7755102040816326
Gregory Andrews,21,3.857142857142857
Gregory Becker,45,4.466666666666667
Gregory Davenport,57,4.0701754385964914
Gregory Jackson,81,4.37037037037037
Gregory Mills,62,3.596774193548387
Gregory Morales,86,4.313953488372093
Gregory Robinson,32,4.8125
Guy Duncan,36,4.166666666666667
Haley Carroll,80,4.2875
Haley Chambers DDS,32,4.65625
Haley White,41,4.195121951219512
Hannah Harding,57,4.526315789473684
Hannah Miller,44,4.159090909090909
Hayley Smith,37,4.513513513513513
Heather Baker,20,4.0
Heidi Blackwell,57,4.385964912280702
Henry Hill,30,4.166666666666667
Henry Melendez,18,3.9444444444444446
Herbert Rodriguez,20,4.0
Holly Glover,51,4.0
Holly Huang,53,4.660377358490566
Holly King,82,4.2073170731707314
Hunter Hoffman,46,4.8478260869565215
Ian Boone,24,4.083333333333333
Ian Hall,53,4.150943396226415
Jackson Brown,19,4.2631578947368425
Jaclyn Fields,66,4.681818181818182
Jacob Arnold,52,4.769230769230769
Jacob Hendricks,58,4.327586206896552
Jacob Hester,17,3.3529411764705883
Jacob Mitchell,87,4.252873563218391
Jacob Moore,24,4.333333333333333
Jacob Mueller,49,4.73469387755102
Jacob Reynolds,51,4.568627450980392
Jacob Robertson Jr.,46,4.021739130434782
Jacob Schroeder,104,3.875
Jacqueline Edwards,54,4.166666666666667
Jacqueline Glover,19,4.7368421052631575
Jacqueline Meadows,71,4.563380281690141
Jacqueline Roberts,64,4.078125
Jacqueline Santiago,68,4.4411764705882355
Jaime Henderson,61,3.737704918032787
Jake Castro,24,3.2916666666666665
Jake Chapman,37,4.4324324324324325
James Abbott,56,3.9464285714285716
James Barr,27,3.5555555555555554
James Blackwell,53,4.415094339622642
James Blevins,17,4.0588235294117645
James Chung,94,3.9468085106382977
James Cunningham,48,4.479166666666667
James Duncan,31,3.5483870967741935
James Ford,86,3.895348837209302
James Howard,22,4.090909090909091
James Jordan,69,4.043478260869565
James Lopez,35,3.8857142857142857
James Mcgee,31,4.483870967741935
James Padilla,42,4.523809523809524
James Pineda,41,4.536585365853658
James Pollard,22,3.409090909090909
James Potter,44,3.9318181818181817
James Tran,23,3.9565217391304346
James Vargas,33,4.303030303030303
James Williams,99,4.818181818181818
Jamie Burnett,50,3.98
Jamie Butler,34,4.5
Jamie Knapp,42,4.523809523809524
Jamie Smith,210,3.9904761904761905
Janet Jackson,58,4.413793103448276
Janet Maxwell,46,4.673913043478261
Janet Shea,66,3.893939393939394
Janet Turner,55,4.345454545454546
Janice Cole,20,3.4
Janice Santiago,53,4.169811320754717
Jared Scott,42,4.071428571428571
Jasmin Rasmussen,62,4.258064516129032
Jasmine Maxwell,84,4.059523809523809
Jasmine Reed,72,4.027777777777778
Jason Glover,48,4.541666666666667
Jason Osborn,38,4.684210526315789
Jason Park,50,4.08
Jason Wilson,21,2.4285714285714284
Jean Marshall,39,3.871794871794872
Jeff Lowery,27,4.62962962962963
Jeffery Galvan,34,4.117647058823529
Jeffrey Byrd,83,3.5421686746987953
Jeffrey Miller,36,3.4166666666666665
Jeffrey Parker,93,4.580645161290323
Jeffrey Ross,51,4.117647058823529
Jeffrey White,38,4.184210526315789
Jenna Henry,39,4.615384615384615
Jenna Jacobson,52,4.653846153846154
Jenna Larson,56,3.267857142857143
Jenna Moore,45,3.6222222222222222
Jenna Rivas,56,4.375
Jennifer Cline,20,3.05
Jennifer Cox,68,4.367647058823529
Jennifer Cruz,39,3.8205128205128207
Jennifer Day,49,4.0
Jennifer Duke,82,4.475609756097561
Jennifer Hernandez,152,4.671052631578948
Jennifer James,51,4.490196078431373
Jennifer Jones,14,4.142857142857143
Jennifer Lewis,54,4.222222222222222
Jennifer Martinez,93,4.301075268817204
Jennifer May,51,4.215686274509804
Jennifer Moore,47,3.851063829787234
Jennifer Morales,56,4.375
Jennifer Morris,32,4.125
Jennifer Munoz,103,4.446601941747573
Jennifer Perry,20,4.45
Jennifer Vazquez,61,4.524590163934426
Jennifer Webster,52,4.5576923076923075
Jenny Nicholson,23,4.782608695652174
Jeremy Bates,57,4.385964912280702
Jeremy Cooper,21,4.761904761904762
Jeremy George,98,4.5
Jeremy Little,29,3.7241379310344827
Jerome Gray,96,4.375
Jerry Duffy,57,4.105263157894737
Jerry Green,58,4.224137931034483
Jerry Rodriguez,113,4.389380530973451
Jesse Blevins,26,3.5
Jesse Davis,24,3.7916666666666665
Jesse Miller,72,4.208333333333333
Jesse Shaffer,57,4.315789473684211
Jessica Acosta,35,4.085714285714285
Jessica Allen,60,4.316666666666666
Jessica Cook,85,4.1647058823529415
Jessica Daugherty,76,4.4868421052631575
Jessica Fisher,21,4.714285714285714
Jessica Hahn,22,3.5
Jessica Henderson,81,3.9753086419753085
Jessica Jones,96,4.302083333333333
Jessica Kelly,82,4.597560975609756
Jessica Mcbride,24,4.041666666666667
Jessica Nixon,46,4.217391304347826
Jessica Powell,57,4.280701754385965
Jessica Sanders,76,4.0131578947368425
Jessica Santos,43,4.372093023255814
Jessica Sawyer,30,3.9
Jessica Williams,51,4.019607843137255
Jessica Wright,51,3.4901960784313726
Jill Bird,18,4.444444444444445
Jillian Kim,29,3.3793103448275863
Joanna Wright,59,4.576271186440678
Joe Chapman,60,3.9
Joe Walls,63,4.571428571428571
Joel Garcia,15,4.4
Joel Marsh,104,4.471153846153846
John Adkins,92,4.576086956521739
John Bailey,78,3.8461538461538463
John Barrett,81,4.246913580246914
John Bell,20,4.0
John Buchanan,65,4.630769230769231
John Carrillo,33,4.424242424242424
John Dean,21,4.666666666666667
John Gonzalez,92,4.239130434782608
John Gordon,77,4.246753246753247
John Green,52,4.288461538461538
John Hoffman,30,4.866666666666666
John Jones,126,4.309523809523809
John Joseph,69,4.260869565217392
John Mccall,63,4.349206349206349
John Miller,51,4.235294117647059
John Nelson,44,3.8863636363636362
John Oneill,55,3.7636363636363637
John Perry,16,3.9375
John Ramirez,20,4.15
John Richardson,95,4.28421052631579
John Rivera,17,4.470588235294118
John Robinson,28,4.142857142857143
John Thompson,26,3.6923076923076925
John Torres,16,3.8125
John Wells,75,4.16
Jon Lopez,36,3.75
Jon Moore,49,4.1020408163265305
Jonathan Davies,23,3.869565217391304
Jonathan Fitzgerald,53,4.547169811320755
Jonathan King,26,4.423076923076923
Jonathan Larsen,82,4.195121951219512
Jonathan Moore,21,2.9047619047619047
Jonathan Wilson,36,4.416666666666667
Jonathan Wright,19,4.368421052631579
Jordan Wilson,101,4.118811881188119
Jorge Ingram,62,4.612903225806452
Jorge Williams,48,3.6041666666666665
Jose Herrera,71,4.352112676056338
Jose Jordan,58,4.655172413793103
Jose Pruitt,64,3.703125
Jose Roberts,28,3.4285714285714284
Joseph Benson,32,4.125
Joseph Bradley,39,4.461538461538462
Joseph Brown,111,4.117117117117117
Joseph Gibson,80,4.3875
Joseph Harper,82,4.560975609756097
Joseph Harris,95,4.610526315789474
Joseph Hines,25,3.52
Joseph Hudson,34,4.264705882352941
Joseph Padilla,87,4.183908045977011
Joseph Smith,47,4.553191489361702
Joshua Bradshaw,57,4.5964912280701755
Joshua Christensen,19,3.0526315789473686
Joshua Day,79,4.2405063291139244
Joshua Foster,63,4.190476190476191
Joshua Franklin,64,3.953125
Joshua Greene,59,4.0508474576271185
Joshua Mathews,68,4.279411764705882
Joshua Mccarthy,64,4.578125
Joshua Oliver,19,3.0
Joshua Ortiz,45,3.8
Joshua Rodriguez,31,4.161290322580645
Joshua Rose,76,4.5394736842105265
Joshua Stewart,88,4.3977272727272725
Joshua Underwood,46,4.326086956521739
Joshua Valdez,25,4.28
Joshua Watson,47,4.319148936170213
Joshua Webb,66,4.606060606060606
Juan Moore,66,3.590909090909091
Juan Snyder,28,4.321428571428571
Judith Wyatt,56,3.5892857142857144
Judy Gonzalez,43,4.255813953488372
Julie Hart,49,4.326530612244898
Julie Mahoney,23,3.4347826086956523
Julie Salinas,20,4.0
Julie Williams,171,4.56140350877193
Justin Carpenter,22,3.727272727272727
Justin Williamson,66,4.333333333333333
Justin Willis,54,4.296296296296297
Kara Herrera,20,3.75
Kara Jordan,29,4.172413793103448
Karen Alvarado,19,3.8947368421052633
Karen Bullock,62,4.274193548387097
Karen Carr,98,3.877551020408163
Karen Martin,18,3.5
Karen Montgomery,40,4.6
Karen Schultz,65,4.1692307692307695
Karen Smith,90,4.466666666666667
Karen Vasquez,80,4.3875
Karen Williams,88,4.545454545454546
Katelyn Horton,20,4.4
Katherine Kirby,38,4.631578947368421
Katherine Simpson,37,4.216216216216216
Katherine Walker,61,4.180327868852459
Kathleen Johnson,39,4.3076923076923075
Kathleen Mcdonald,19,4.7894736842105265
Kathleen Mcgee,29,4.482758620689655
Kathleen Williams,24,4.083333333333333
Kathryn Jones,137,4.642335766423358
Kathryn Vasquez,124,4.435483870967742
Kathy Decker DVM,78,4.576923076923077
Kathy Price,33,3.9696969696969697
Kathy Stevenson,65,4.6461538461538465
Kathy Strong,79,4.3164556962025316
Kathy Weber,24,3.9583333333333335
Katrina Mendoza,60,4.2
Katrina Rodriguez,62,4.596774193548387
Katrina Summers,27,4.296296296296297
Katrina White,31,4.67741935483871
Kayla Lewis,19,4.631578947368421
Kayla Martin,84,4.690476190476191
Kayla Spears,39,4.256410256410256
Kayla Wilson,190,4.363157894736842
Keith Hall,22,4.136363636363637
Kelly Carpenter,41,4.317073170731708
Kelly Martin,6,4.666666666666667
Kelly Moore DDS,38,4.2105263157894735
Kelly Singh,53,4.056603773584905
Kelly Thomas,57,4.859649122807017
Kelsey Garcia,113,4.04424778761062
Kelsey Massey,70,4.257142857142857
Kelsey Richardson,43,4.837209302325581
Kenneth Henderson,74,4.418918918918919
Kenneth Holt,44,4.25
Kenneth Howell,22,4.2272727272727275
Kenneth Lara,24,4.25
Kenneth Martin,60,4.2
Kenneth Murphy,83,4.518072289156627
Kenneth Ramos,60,3.9833333333333334
Kenneth Wilson,30,4.3
Kerry Austin,33,4.242424242424242
Kevin Cook,39,4.333333333333333
Kevin Griffin,33,4.333333333333333
Kevin Lane,73,4.273972602739726
Kevin Lee,35,3.8285714285714287
Kevin Ramos,30,4.266666666666667
Kevin Randolph,63,4.349206349206349
Kevin Scott,23,3.5217391304347827
Kevin Walsh,97,4.175257731958763
Kiara Powers,53,4.30188679245283
Kim Barnes,91,4.43956043956044
Kimberly Browning,30,3.9
Kimberly Bryan,114,4.552631578947368
Kimberly Carter,98,4.071428571428571
Kimberly Davidson,18,4.388888888888889
Kimberly Mahoney,31,4.225806451612903
Kimberly Martinez,28,3.8214285714285716
Kimberly Medina,102,4.352941176470588
Kimberly Miller,18,4.444444444444445
Kimberly Morris,36,4.166666666666667
Kimberly Oliver,55,3.8181818181818183
Kimberly Rogers,113,4.398230088495575
Kimberly Smith,23,3.869565217391304
Kristen Olson,25,4.12
Kristen Walker,37,4.297297297297297
Kristi Nash,65,4.1692307692307695
Kristi Schultz,56,4.071428571428571
Kristin Adams,101,4.346534653465347
Kristin Beasley,130,4.130769230769231
Kristin Bowman,83,3.6626506024096384
Kristin Campbell,152,4.203947368421052
Kristin King,65,4.123076923076923
Kristina Foster,25,4.56
Kristina Gutierrez,37,3.8378378378378377
Kristine Banks,78,4.1923076923076925
Kyle Barrett,32,4.3125
Kyle Jones,31,4.096774193548387
Kyle Merritt,22,3.8181818181818183
Kyle Warren DDS,54,4.2407407407407405
Lance Case,25,3.64
Larry Sanchez,25,3.96
Latoya Blair,33,4.484848484848484
Laura Allen,118,3.4491525423728815
Laura Beck,112,3.830357142857143
Laura Farmer,81,4.197530864197531
Laura Gonzales,31,4.258064516129032
Laura Patel,91,4.021978021978022
Laura Pratt,31,3.3225806451612905
Laura Smith,40,4.075
Laura Young,22,3.9545454545454546
Lauren Dominguez,21,4.380952380952381
Lauren Juarez,39,4.205128205128205
Lauren Martin,45,4.377777777777778
Lauren Simmons,42,4.309523809523809
Laurie Wilson,22,3.5
Lawrence Phillips,62,4.17741935483871
Lee Allen PhD,42,4.428571428571429
Leslie Houston,67,4.208955223880597
Levi Bridges,48,4.5
Linda Butler,59,4.4576271186440675
Linda Foster,69,4.594202898550725
Linda Murray,74,4.824324324324325
Lindsay Campbell,90,4.555555555555555
Lindsay Ward,33,4.0606060606060606
Lindsey Colon,74,4.324324324324325
Lindsey Smith,93,4.494623655913978
Lisa Brennan,51,4.196078431372549
Lisa Johnson,61,3.9672131147540983
Lisa Lawrence,72,4.166666666666667
Lisa Lopez,30,3.8
Lisa May,32,4.15625
Lisa Osborne,37,3.945945945945946
Lisa Padilla,42,3.7857142857142856
Lisa Singleton,32,3.875
Lisa Thompson DVM,104,4.576923076923077
Lisa Wall,53,4.3584905660377355
Lisa Wilson,107,4.046728971962617
Lisa Zamora,26,4.038461538461538
Logan Barnett,136,4.507352941176471
Lori Daugherty,45,3.8
Lorraine Smith,30,4.566666666666666
Louis Herrera,70,3.8
Luis Bell,96,4.072916666666667
Luis Ramsey,29,4.310344827586207
Luis Werner,80,4.5
Luke Brown,92,4.260869565217392
Luke Finley,40,3.6
Luke Schultz,115,4.4
Lynn Collins,61,4.163934426229508
Lynn Gross,55,4.418181818181818
Mackenzie Phillips,111,4.5225225225225225
Mackenzie Scott MD,73,4.068493150684931
Madison Flores,60,3.966666666666667
Makayla Randall,42,4.095238095238095
Marc Roberts,98,4.489795918367347
Marcia Mendez,19,4.684210526315789
Marcus Lynch,114,4.114035087719298
Margaret Prince,110,4.345454545454546
Maria West,98,4.1938775510204085
Marie Acosta,78,4.076923076923077
Marie Vance,36,4.361111111111111
Mario Simpson,64,4.5
Mario Terrell,31,4.548387096774194
Mark Black,78,4.5256410256410255
Mark Cook,50,4.28
Mark Fitzpatrick,34,4.088235294117647
Mark Garcia,30,3.7666666666666666
Mark Gonzalez,60,4.633333333333334
Mark Hickman,35,4.114285714285714
Mark Kaufman Jr.,30,3.6333333333333333
Mark Lucas,17,3.8823529411764706
Mark Pollard,15,4.333333333333333
Mark Ruiz,52,3.980769230769231
Mark Taylor,58,3.5689655172413794
Mark Vasquez,56,4.160714285714286
Mark Wilson,79,4.1645569620253164
Marvin Rivera,75,4.32
Mary Esparza,64,4.265625
Mary Hopkins,52,4.365384615384615
Mary Huff,57,4.12280701754386
Mary Hughes,36,4.388888888888889
Mary Johnston,47,4.340425531914893
Mary Orr,86,4.093023255813954
Mary Powell,40,4.1
Mary Quinn,57,4.052631578947368
Mary Ross,137,3.9197080291970803
Mary Smith,81,4.172839506172839
Mary Taylor,40,4.6
Mary Vasquez,26,4.8076923076923075
Mason Mitchell,66,4.242424242424242
Matthew Alexander,23,4.3478260869565215
Matthew Bennett,113,4.566371681415929
Matthew Calderon,41,4.365853658536586
Matthew Callahan,49,4.489795918367347
Matthew Graham,42,3.738095238095238
Matthew Grimes,85,3.9647058823529413
Matthew Lambert,130,3.923076923076923
Matthew Mendoza MD,70,4.257142857142857
Matthew Miller,48,4.541666666666667
Matthew Reynolds,89,4.404494382022472
Matthew Rodriguez,47,4.468085106382978
Matthew Ross,18,4.5
Matthew Singleton,24,4.666666666666667
Matthew White PhD,174,4.4655172413793105
Matthew Wolf,73,4.575342465753424
Maxwell Castillo,99,4.363636363636363
Megan Bartlett,89,4.202247191011236
Megan Brown,28,4.214285714285714
Megan Henderson,28,4.392857142857143
Megan Hernandez,27,4.333333333333333
Megan Preston,40,4.225
Megan Smith,114,4.008771929824562
Meghan Holmes,91,4.274725274725275
Melanie Anderson,27,3.888888888888889
Melanie Cortez,74,4.581081081081081
Melanie Lee,25,3.48
Melinda Allen,30,3.3333333333333335
Melinda Mills,21,2.5238095238095237
Melinda Montgomery,81,4.444444444444445
Melissa Castillo,73,4.616438356164384
Melissa Grant,100,3.78
Melissa Mcclain MD,41,4.341463414634147
Melissa Murray,40,4.425
Melissa Nelson,44,3.3863636363636362
Melissa Robinson,39,4.3076923076923075
Melissa Russell,58,4.327586206896552
Melissa Spence,19,2.6315789473684212
Melissa Taylor,30,4.533333333333333
Melissa West,67,4.268656716417911
Melissa Woods,86,4.244186046511628
Melody Jackson,47,4.468085106382978
Melvin Pace,51,4.313725490196078
Michael Abbott,25,3.92
Michael Allen,18,4.888888888888889
Michael Barrett,34,4.323529411764706
Michael Brady,57,4.280701754385965
Michael Branch,27,3.740740740740741
Michael Carson,43,4.069767441860465
Michael Cooper,87,4.425287356321839
Michael Davis,74,4.202702702702703
Michael Dunlap,65,3.6769230769230767
Michael Eaton,29,3.5172413793103448
Michael Ellison,47,4.574468085106383
Michael Gomez,112,4.455357142857143
Michael Hart,34,4.029411764705882
Michael Jenkins,17,3.1176470588235294
Michael Johnson,26,4.115384615384615
Michael Larson,105,4.3238095238095235
Michael Liu,42,4.238095238095238
Michael Martin,61,4.229508196721311
Michael Mckee,60,3.716666666666667
Michael Miles,94,4.212765957446808
Michael Miller,74,4.554054054054054
Michael Morton,64,4.0
Michael Newman,30,4.233333333333333
Michael Olsen,80,4.5125
Michael Perez,22,4.7272727272727275
Michael Pitts,44,4.318181818181818
Michael Reilly,29,4.310344827586207
Michael Rodriguez,90,4.333333333333333
Michael Ruiz,114,4.298245614035087
Michael Scott,62,4.338709677419355
Michael Silva,40,3.4
Michael Stevens,68,4.382352941176471
Michael Thomas,26,4.153846153846154
Michael Torres,16,3.875
Michael White,49,4.346938775510204
Micheal Morgan,46,4.021739130434782
Micheal Wagner,61,4.639344262295082
Michele Davidson,38,4.368421052631579
Michele Kramer,39,4.333333333333333
Michele Roberts,45,3.8222222222222224
Michelle Banks,72,4.375
Michelle Christensen,41,4.609756097560975
Michelle Clark,54,4.611111111111111
Michelle Cunningham,32,4.21875
Michelle Curry,18,4.0
Michelle Garrison,33,4.121212121212121
Michelle Hart,57,4.526315789473684
Michelle Larson,33,4.333333333333333
Michelle Moore,32,4.0625
Michelle Reeves,25,3.04
Michelle Smith,30,4.5
Michelle Whitehead,95,4.136842105263158
Michelle Williams,45,3.511111111111111
Mikayla Wright,83,4.036144578313253
Mike Fields,64,4.40625
Mike Frost,48,4.333333333333333
Miranda Lewis,32,4.21875
Miss Donna Robertson,25,4.2
Miss Patricia Mack DDS,58,4.172413793103448
Misty Castillo,79,3.911392405063291
Molly Lozano,35,4.114285714285714
Molly Wright,70,4.557142857142857
Monica Edwards,74,4.648648648648648
Monica Newton,29,4.068965517241379
Monique Andersen,43,4.744186046511628
Monique Graham,42,3.380952380952381
Morgan Floyd,54,4.166666666666667
Morgan Gomez,36,4.194444444444445
Morgan Smith,39,4.871794871794871
Morgan Zavala,71,4.47887323943662
Mr. Albert Clark DDS,62,4.096774193548387
Mr. Allen Fisher,25,3.96
Mr. Christopher Peterson DDS,34,3.8823529411764706
Mr. Daniel Carter,21,4.285714285714286
Mr. Drew Miller,27,4.296296296296297
Mr. George Hall Jr.,65,4.569230769230769
Mr. Gregory Payne,20,4.5
Mr. Jeremy Sanchez,59,4.762711864406779
Mr. Jonathan Hernandez MD,24,3.9166666666666665
Mr. Nathaniel Smith,39,4.230769230769231
Mr. William Adams MD,20,4.0
Mrs. Heather Williams,66,4.666666666666667
Mrs. Jennifer Stone,170,4.429411764705883
Mrs. Jordan Miller,32,4.0625
Mrs. Kimberly Daniels,40,4.4
Mrs. Sandra Johnson,22,3.6818181818181817
Ms. Karen Moore,71,3.8450704225352115
Ms. Rachel Smith DDS,37,4.54054054054054
Nancy Baker,53,4.547169811320755
Nancy Singh,31,4.870967741935484
Natalie Gonzales,47,3.8297872340425534
Natasha Hunter,93,4.548387096774194
Nathan Allen,22,4.136363636363637
Nathan Jones,25,3.48
Nathan Nguyen,72,3.763888888888889
Nathan Riley,20,3.75
Nathan Wilson,88,4.386363636363637
Nathan Young,40,3.9
Nathaniel Smith,71,4.563380281690141
Nicholas Mata,94,4.712765957446808
Nicholas Payne,70,4.042857142857143
Nicholas Wright,85,3.976470588235294
Nichole Price,74,4.22972972972973
Nicole Chavez,113,4.097345132743363
Nicole Choi,21,4.333333333333333
Nicole Cummings,46,4.6521739130434785
Nicole Gallagher,39,4.051282051282051
Nicole Green,74,4.135135135135135
Nicole Harper,24,4.416666666666667
Nicole Hernandez,40,3.925
Nicole Hicks,15,4.866666666666666
Nicole Jones,69,4.3478260869565215
Nicole Miranda,67,3.9402985074626864
Nicole Patel,68,3.9411764705882355
Nicole Simpson DVM,17,4.882352941176471
Nicole Thomas,27,4.592592592592593
Nicole Zavala,22,2.3636363636363638
Noah Chase,54,4.333333333333333
Norma Davis,60,4.45
Olivia Alvarez,71,3.6338028169014085
Olivia Nguyen,60,3.6166666666666667
Olivia Villa,94,3.9680851063829787
Omar Odonnell,114,4.517543859649122
Oscar Mcdowell,16,4.1875
Pamela Hughes,32,3.21875
Pamela Johnson,54,4.388888888888889
Pamela Mendoza,25,3.6
Pamela Perez,32,2.34375
Pamela Robinson,12,4.916666666666667
Pamela Stevens,60,4.633333333333334
Patricia Anderson,18,4.5
Patricia Cross,21,4.714285714285714
Patricia Duarte,71,4.436619718309859
Patricia Holmes,127,3.4015748031496065
Patricia Lambert,76,4.355263157894737
Patricia Moore,38,3.710526315789474
Patrick Flores,39,4.128205128205129
Patrick Lee Jr.,85,4.470588235294118
Patrick Shelton,65,4.061538461538461
Patty Gutierrez,36,3.4444444444444446
Paul Cunningham DVM,42,4.690476190476191
Paul Gill,25,4.2
Paul Hamilton,66,3.9393939393939394
Paul Johnson,66,4.166666666666667
Paul Mack,86,4.546511627906977
Paul Montgomery,32,4.09375
Paul Preston,90,4.655555555555556
Paul Roach,71,4.47887323943662
Paul Ryan,14,4.285714285714286
Paula Brooks,27,4.037037037037037
Paula Castillo,109,4.651376146788991
Paula Peters,76,3.986842105263158
Paula Wilkins,90,4.122222222222222
Penny Bradley,27,3.185185185185185
Penny Lam,82,4.804878048780488
Peter Lawrence,125,3.872
Peter Thomas,31,3.935483870967742
Philip Harmon,16,2.0625
Phillip Mccoy,90,4.311111111111111
Rachel Avila,64,3.984375
Rachel Barnes,36,4.305555555555555
Rachel Green,70,4.314285714285714
Rachel Parker,90,4.411111111111111
Rachel Peters,41,4.634146341463414
Rachel Reid,33,4.181818181818182
Rachel Smith,71,3.7746478873239435
Rachel Smith MD,18,3.7777777777777777
Randall Mercer,24,4.458333333333333
Randy Finley,70,4.4714285714285715
Randy May,77,3.8051948051948052
Randy Mullins,80,4.2375
Raymond Mcgee,109,4.293577981651376
Rebecca Graham,154,4.1558441558441555
Rebecca James,53,4.415094339622642
Rebecca Martin,57,3.9473684210526314
Rebecca Miller,18,1.5555555555555556
Rebecca Thomas,22,4.2727272727272725
Rebecca Walker,160,4.1375
Regina Harper,52,4.576923076923077
Renee Lucas,66,3.378787878787879
Renee Martin,105,4.276190476190476
Rhonda Martin DVM,59,4.135593220338983
Rhonda Sullivan,39,4.282051282051282
Richard Barber,72,4.25
Richard Buchanan,39,4.256410256410256
Richard Gordon,20,4.2
Richard Oconnor,59,4.372881355932203
Richard Ortiz,65,4.384615384615385
Richard Reyes,72,4.013888888888889
Richard Smith,40,3.85
Richard Sullivan,24,3.625
Rickey Herrera,20,4.0
Ricky Berger,42,4.261904761904762
Robert Cook,113,4.079646017699115
Robert Elliott,74,4.527027027027027
Robert Harris,42,4.166666666666667
Robert Lara,124,4.354838709677419
Robert Lawrence,21,4.380952380952381
Robert Lewis,141,4.829787234042553
Robert Lopez,31,4.451612903225806
Robert Miranda,45,3.2888888888888888
Robert Oneal,21,4.095238095238095
Robert Perez,32,4.25
Robert Rios,24,3.6666666666666665
Robert Smith,88,4.3977272727272725
Robert Vasquez,51,4.03921568627451
Robert White,38,4.2894736842105265
Robin Spencer,19,4.2105263157894735
Rodney Jackson,23,4.565217391304348
Roger Turner,75,4.373333333333333
Ronald Anderson,22,4.090909090909091
Ronald Garcia,40,4.225
Ronald Houston,36,3.2777777777777777
Ronald King,58,4.396551724137931
Ronnie Romero,83,4.626506024096385
Rose Jackson,39,3.8461538461538463
Rose Moore,53,4.226415094339623
Roy Lynch,26,4.1923076923076925
Ruben Horton,40,4.2
Russell Lee,36,4.416666666666667
Russell Ramsey,53,4.339622641509434
Ryan Bishop III,64,4.328125
Ryan Jackson,64,4.53125
Ryan Jefferson,25,4.16
Ryan Khan,21,4.142857142857143
Ryan Payne,89,4.033707865168539
Ryan Thompson,143,4.65034965034965
Sabrina Osborne,25,3.56
Sabrina Santiago,65,3.707692307692308
Samantha Harmon,15,4.4
Samantha Jones,69,4.3478260869565215
Samantha Miller,94,4.24468085106383
Samantha Reeves,79,4.6075949367088604
Samantha Swanson,32,3.625
Samantha Warner,39,4.410256410256411
Samuel Beck,13,4.6923076923076925
Samuel Blankenship,36,4.305555555555555
Samuel Douglas,70,4.214285714285714
Samuel Gomez,54,4.518518518518518
Samuel Gonzalez,29,4.793103448275862
Samuel Hanson,46,3.9782608695652173
Samuel Mccoy,49,4.448979591836735
Samuel Ramos,52,3.6923076923076925
Samuel Spencer,64,4.546875
Sandra Alvarado,70,3.8714285714285714
Sandra Pierce,32,3.90625
Sandra Richardson,58,4.362068965517241
Sara Campbell,19,4.473684210526316
Sara Chavez,80,4.4375
Sara Hall,28,4.107142857142857
Sara Juarez,29,3.7586206896551726
Sara Moreno,54,4.481481481481482
Sara Rodriguez,42,4.357142857142857
Sarah Becker,56,4.339285714285714
Sarah Bennett,18,4.111111111111111
Sarah Frazier,20,4.4
Sarah Gutierrez,30,3.3666666666666667
Sarah Henderson,78,4.5256410256410255
Sarah Hendricks,62,3.661290322580645
Sarah Keller,35,2.5428571428571427
Sarah Murray,25,2.76
Sarah Newton,70,4.314285714285714
Sarah Ross,21,3.619047619047619
Sarah Taylor,60,4.516666666666667
Sarah Thomas,115,4.51304347826087
Sarah Watts,53,4.245283018867925
Sarah Williams,41,4.414634146341464
Savannah Keller,20,4.0
Scott Bell,42,4.642857142857143
Scott Chang,54,4.111111111111111
Scott Murphy,46,4.608695652173913
Scott Pierce,23,4.217391304347826
Scott Sanchez,102,4.764705882352941
Scott Scott,36,4.555555555555555
Scott Shaffer,33,3.9696969696969697
Scott Sutton,96,4.239583333333333
Sean Gay,18,4.944444444444445
Sean Olson,64,4.4375
Sean Walters,51,4.411764705882353
Sean Williams,47,3.9148936170212765
Sergio Carrillo,60,4.283333333333333
Seth Williamson,122,4.754098360655738
Shane Humphrey,21,3.857142857142857
Shane Payne,19,4.0
Shane Schwartz,81,4.555555555555555
Shannon Hicks,70,4.214285714285714
Shannon Holmes,62,4.354838709677419
Shannon Hudson,67,3.8358208955223883
Shannon Reyes,70,4.285714285714286
Shari Martinez,72,4.430555555555555
Sharon Bullock,167,4.485029940119761
Sharon Meyers,43,3.604651162790698
Sharon Smith,54,4.12962962962963
Sharon Stephenson,67,4.552238805970149
Shawn Rose,23,3.347826086956522
Sheena Williams,93,4.387096774193548
Sheila Collins,80,3.9625
Shelley Hughes,24,4.416666666666667
Shelley Watson,51,3.7254901960784315
Shelly Bell,46,4.239130434782608
Shelly Huber,63,4.714285714285714
Sheri Hood,45,3.7777777777777777
Sheri White,34,3.7058823529411766
Sherry Hunt,29,4.0344827586206895
Shirley Hayden,50,4.64
Shirley Young,45,4.688888888888889
Sierra Walker DDS,55,4.127272727272727
Stacey Clark,64,4.53125
Stacey Lynch,82,3.975609756097561
Stacey Miller,24,4.458333333333333
Stacey Stokes,87,4.080459770114943
Stacy Morales,23,4.434782608695652
Stacy Sims,25,4.2
Stacy Singh,43,3.953488372093023
Stacy Washington,29,3.2758620689655173
Stanley Hogan,40,3.55
Stanley Moss,59,4.389830508474576
Stephanie Hammond,18,3.611111111111111
Stephanie Holmes,60,4.366666666666666
Stephanie Johnson,54,4.2592592592592595
Stephanie Lewis,94,4.117021276595745
Stephanie Neal,50,4.6
Stephanie Ryan,56,4.160714285714286
Stephanie Schultz,44,4.2272727272727275
Stephanie Simpson,75,4.373333333333333
Stephanie Stewart,60,4.333333333333333
Stephanie Thompson,48,3.6875
Stephen Foster,23,4.304347826086956
Stephen Lee,66,4.590909090909091
Stephen Morris,15,4.333333333333333
Stephen Palmer,60,4.3
Steve Washington,42,3.142857142857143
Steven Buckley,63,3.984126984126984
Steven Cline,43,4.674418604651163
Steven Fox,26,3.3461538461538463
Steven Gates,33,4.121212121212121
Steven Moreno,38,3.8947368421052633
Steven Murillo,63,4.222222222222222
Steven Nash,43,3.9302325581395348
Steven Nelson,47,4.212765957446808
Steven Sanders,35,3.8
Steven Wall,96,4.791666666666667
Steven Wilson,76,4.473684210526316
Summer Mitchell,17,3.764705882352941
Susan Cook,42,4.4523809523809526
Susan Francis,118,4.508474576271187
Susan Hendrix,20,4.35
Susan Johnson,55,3.7818181818181817
Susan Salazar,52,3.9038461538461537
Susan Wolf,66,4.2272727272727275
Sydney Taylor,65,4.338461538461538
Tabitha Ayala,33,4.0
Tamara Washington,102,4.764705882352941
Tammy Brewer,38,4.684210526315789
Tammy Clark,23,3.608695652173913
Tammy Cochran,94,4.117021276595745
Tammy Garcia,83,4.0120481927710845
Tammy Gould,76,4.368421052631579
Tammy Lane,48,4.5625
Tammy Mcneil,98,3.6530612244897958
Tammy Rojas,21,4.571428571428571
Tammy Thomas,30,4.533333333333333
Tanner Snyder,69,4.202898550724638
Taylor Frederick,32,3.96875
Taylor Harvey,15,4.133333333333334
Taylor Nelson,25,4.8
Teresa George,86,4.5
Teresa Gilbert,61,4.19672131147541
Teresa Nolan,79,4.2405063291139244
Terri Carr,27,3.5925925925925926
Terri Lopez,17,3.235294117647059
Terri Nelson,35,4.257142857142857
Terry Young,99,4.121212121212121
Theresa Brown,96,4.552083333333333
Theresa Moore,85,3.9411764705882355
Theresa Perry,61,4.360655737704918
Theresa Russell,30,4.233333333333333
Theresa Stewart,47,4.851063829787234
Theresa Wilson,92,4.271739130434782
Thomas Adams,39,3.9743589743589745
Thomas Blair,67,4.074626865671642
Thomas Hayes,37,4.054054054054054
Thomas Lewis,101,4.653465346534653
Thomas Martin,83,4.0
Thomas Waters,15,4.0
Thomas White,50,4.18
Thomas Wiggins,22,3.8181818181818183
Tiffany Baldwin,28,4.142857142857143
Tiffany Bates,109,4.284403669724771
Tiffany Smith,85,4.4941176470588236
Tim Mcintosh II,18,4.5
Timothy Bailey,29,4.551724137931035
Timothy Butler,31,3.870967741935484
Timothy Cline,46,4.065217391304348
Timothy Fernandez,78,4.3076923076923075
Timothy Frederick,18,3.8333333333333335
Timothy Grant,132,4.454545454545454
Timothy Green,32,4.125
Timothy Henry,59,4.4576271186440675
Timothy Huber,63,4.0
Timothy Huff,231,4.567099567099567
Timothy Johnson,45,4.488888888888889
Timothy Scott,99,4.141414141414141
Timothy Taylor,66,3.8181818181818183
Timothy Wilson,36,4.5
Tina Carroll,46,4.456521739130435
Tina Garza,63,4.349206349206349
Tina Harrington,156,4.371794871794871
Tina Ramirez,19,3.263157894736842
Tina Roberts,42,4.380952380952381
Todd Bennett,65,4.661538461538462
Todd Floyd,101,4.673267326732673
Tommy Davies,30,2.3666666666666667
Toni Rodriguez,42,4.0
Tony Jones,53,3.7735849056603774
Tonya Watts,52,4.5
Tracey Malone,66,4.242424242424242
Tracey Park,32,4.03125
Tracy Dickerson MD,78,4.17948717948718
Tracy Weaver,140,4.6571428571428575
Travis Gardner,94,4.638297872340425
Travis Jones,22,3.9545454545454546
Trevor Turner,57,4.035087719298246
Trevor Villarreal,32,3.78125
Tristan Holt,60,4.483333333333333
Troy Nguyen,78,4.487179487179487
Tyler Arroyo,48,3.75
Tyler Duran,38,3.9210526315789473
Tyler Miller,82,4.402439024390244
Veronica Anderson,30,2.6
Veronica Choi,55,4.218181818181818
Veronica Howell,67,4.492537313432836
Veronica Martinez,72,4.388888888888889
Veronica Smith,33,3.9393939393939394
Veronica Wallace,34,3.911764705882353
Vicki Collins,4,5.0
Vicki Moon,13,4.615384615384615
Victor Rivera,57,4.421052631578948
Victoria Anderson,23,3.6956521739130435
Victoria Butler,68,3.9705882352941178
Victoria Collins,53,4.339622641509434
Victoria Douglas,34,4.529411764705882
Victoria Scott,38,3.6842105263157894
Victoria Tran,36,4.138888888888889
Vincent Hayes,34,3.6470588235294117
Vincent Nguyen,55,4.0181818181818185
Virginia Caldwell,79,4.430379746835443
Virginia Collins,20,4.4
Virginia Diaz,37,4.081081081081081
Virginia Hoffman,55,4.363636363636363
Virginia Lane,94,4.904255319148936
Virginia Mccormick,32,1.96875
Walter Decker,53,3.849056603773585
Wanda Kelly,32,4.375
Wayne Jimenez,75,4.426666666666667
Wendy Anderson,20,3.2
Wendy Church,105,4.314285714285714
Wendy Lang,67,4.313432835820896
Wendy Mitchell,108,4.722222222222222
Wendy Taylor,378,4.3121693121693125
Wesley Meyer,26,2.3076923076923075
Whitney Cross DVM,43,4.1395348837209305
Whitney James,43,3.7674418604651163
Whitney Wheeler,34,4.382352941176471
William Austin,21,4.380952380952381
William Brown,27,4.222222222222222
William Carey DVM,152,4.519736842105263
William Gallagher,34,4.470588235294118
William Hall,99,3.9292929292929295
William Little MD,73,4.36986301369863
William Melton,102,4.352941176470588
William Morris,37,4.648648648648648
William Mueller,20,4.1
William Munoz,21,4.428571428571429
William Scott,76,4.5131578947368425
William Townsend,38,4.315789473684211
Willie Flores,17,2.3529411764705883
Xavier Little,67,4.358208955223881
Yesenia Bowers,46,3.9347826086956523
Zachary Collins,71,3.507042253521127
Zachary Ford,55,3.8181818181818183
Zachary Reyes,43,4.325581395348837
Zachary Simpson,28,4.178571428571429
